speaker,fix
MATT,MATT
LAURA,LAURA
MARISHA,MARISHA
LIAM,LIAM
SAM,SAM
TALIESIN,TALIESIN
ASHLEY,ASHLEY
TRAVIS,TRAVIS
SAN,SAM
TARVIS,TRAVIS
TRAVS,TRAVIS
MARISHATHROUGHGRITTEDTEETH,MARISHA
MARISH,MARISHA
MARIASHA,MARISHA
TAIESIN,TALIESIN
BEAU,MARISHA
KHARY,OTHER
LAUDA,LAURA
MAT,MATT
CALEB,LIAM
MAISHA,MARISHA
TALISEN,TALIESIN
LAIM,LIAM
TRAVIA,TRAVIS
MARISA,MARISHA
NOTT,SAM
MARK,OTHER
MARIK,OTHER
BABS,OTHER
MATTS,MATT
TALISIN,TALIESIN
ASHLY,OTHER
SUMALEE,OTHER
ASLY,ASHLEY
NILA,OTHER
ASHLYE,ASHLEY
CAST,OTHER
LTRAVIS,TRAVIS
BRIAN,OTHER
LENORE,OTHER
ATT,MATT
DEBORAH,OTHER
TRAVISPHONE,TRAVIS
CHRIS,OTHER
CHEERINGMATT,MATT
AURA,LAURA
MARIHSA,MARISHA
LARUA,LAURA
TRAIVS,TRAVIS
DANI,OTHER
MATISHA,MARISHA
LLIAM,LIAM
LASTWELEFTOFF,MATT
CROWY,OTHER
BINWIN,OTHER
JERRY,OTHER
RIAN,OTHER
SAMVO,SAM
TRAVISVO,TRAVIS
BRIANVO,OTHER
GAMEVO,OTHER
OFFCAMERA,OTHER
MARION,MATT
MICA,OTHER
NATT,MATT
ARISHA,MARISHA
AM,SAM
TALISEIN,TALIESIN
TTRAVIS,TRAVIS
YASHA,ASHLEY
LAUR,LAURA